{
  "openai/gpt-5.4__baseline": {
    "model": "openai/gpt-5.4",
    "condition": "baseline",
    "within_cluster_mean": 0.47565210918103806,
    "within_cluster_std": 0.056612990415100976,
    "between_cluster_mean": 0.46929969045404335,
    "between_cluster_std": 0.05857386128917084,
    "within_n": 53,
    "between_n": 1172,
    "mann_whitney_U": 33359.0,
    "p_value": 0.18056869188808328,
    "cohens_d": 0.10857970255570885,
    "has_illness_scripts": "False"
  },
  "openai/gpt-5.4__adversarial": {
    "model": "openai/gpt-5.4",
    "condition": "adversarial",
    "within_cluster_mean": 0.47488527140847037,
    "within_cluster_std": 0.05198784333399893,
    "between_cluster_mean": 0.48292701284391243,
    "between_cluster_std": 0.048805925412231776,
    "within_n": 53,
    "between_n": 1172,
    "mann_whitney_U": 28531.0,
    "p_value": 0.8421441601540255,
    "cohens_d": -0.16420024415080164,
    "has_illness_scripts": "False"
  },
  "openai/gpt-5.4__structured": {
    "model": "openai/gpt-5.4",
    "condition": "structured",
    "within_cluster_mean": 0.4515302716444076,
    "within_cluster_std": 0.05353472182556205,
    "between_cluster_mean": 0.4481815163398589,
    "between_cluster_std": 0.05223157643250602,
    "within_n": 53,
    "between_n": 1172,
    "mann_whitney_U": 32669.0,
    "p_value": 0.26131405125033447,
    "cohens_d": 0.0640382257658303,
    "has_illness_scripts": "False"
  },
  "openai/gpt-5.2__baseline": {
    "model": "openai/gpt-5.2",
    "condition": "baseline",
    "within_cluster_mean": 0.4536893597878609,
    "within_cluster_std": 0.056596502494341755,
    "between_cluster_mean": 0.4619906282109997,
    "between_cluster_std": 0.05726457447014816,
    "within_n": 53,
    "between_n": 1172,
    "mann_whitney_U": 28730.0,
    "p_value": 0.8223387706845444,
    "cohens_d": -0.14497311339963528,
    "has_illness_scripts": "False"
  },
  "openai/gpt-5.2__adversarial": {
    "model": "openai/gpt-5.2",
    "condition": "adversarial",
    "within_cluster_mean": 0.45687290032239,
    "within_cluster_std": 0.05579663352944138,
    "between_cluster_mean": 0.4582944780838054,
    "between_cluster_std": 0.05476968417307819,
    "within_n": 53,
    "between_n": 1172,
    "mann_whitney_U": 30842.0,
    "p_value": 0.5342434306886633,
    "cohens_d": -0.025933970368775913,
    "has_illness_scripts": "False"
  },
  "anthropic/claude-sonnet-4.5__baseline": {
    "model": "anthropic/claude-sonnet-4.5",
    "condition": "baseline",
    "within_cluster_mean": 0.5005789765285871,
    "within_cluster_std": 0.05154956537089725,
    "between_cluster_mean": 0.4982136681316133,
    "between_cluster_std": 0.04922869567198579,
    "within_n": 53,
    "between_n": 1172,
    "mann_whitney_U": 32436.0,
    "p_value": 0.2922551523315978,
    "cohens_d": 0.047945068701892336,
    "has_illness_scripts": "False"
  },
  "anthropic/claude-sonnet-4.5__adversarial": {
    "model": "anthropic/claude-sonnet-4.5",
    "condition": "adversarial",
    "within_cluster_mean": 0.5002167905795942,
    "within_cluster_std": 0.0455720226109385,
    "between_cluster_mean": 0.4923809181641026,
    "between_cluster_std": 0.046634805703038816,
    "within_n": 53,
    "between_n": 1172,
    "mann_whitney_U": 35330.0,
    "p_value": 0.04498058839483195,
    "cohens_d": 0.1680919104700762,
    "has_illness_scripts": "True"
  },
  "anthropic/claude-sonnet-4.5__structured": {
    "model": "anthropic/claude-sonnet-4.5",
    "condition": "structured",
    "within_cluster_mean": 0.4597299362416056,
    "within_cluster_std": 0.053828714264639525,
    "between_cluster_mean": 0.4625192659370335,
    "between_cluster_std": 0.05761955066133363,
    "within_n": 53,
    "between_n": 1172,
    "mann_whitney_U": 28679.0,
    "p_value": 0.8275581141667747,
    "cohens_d": -0.04854087970752631,
    "has_illness_scripts": "False"
  },
  "anthropic/claude-opus-4.5__baseline": {
    "model": "anthropic/claude-opus-4.5",
    "condition": "baseline",
    "within_cluster_mean": 0.4947713413154326,
    "within_cluster_std": 0.05192773461511182,
    "between_cluster_mean": 0.4811264403439772,
    "between_cluster_std": 0.06252592826390108,
    "within_n": 53,
    "between_n": 1172,
    "mann_whitney_U": 34557.0,
    "p_value": 0.08245368514232321,
    "cohens_d": 0.2194883671772921,
    "has_illness_scripts": "False"
  },
  "anthropic/claude-opus-4.5__adversarial": {
    "model": "anthropic/claude-opus-4.5",
    "condition": "adversarial",
    "within_cluster_mean": 0.49371983670856256,
    "within_cluster_std": 0.044883597542576883,
    "between_cluster_mean": 0.4854253454653097,
    "between_cluster_std": 0.0487132169276922,
    "within_n": 53,
    "between_n": 1172,
    "mann_whitney_U": 33985.0,
    "p_value": 0.12267965849224116,
    "cohens_d": 0.17072792392661784,
    "has_illness_scripts": "False"
  },
  "anthropic/claude-opus-4.5__structured": {
    "model": "anthropic/claude-opus-4.5",
    "condition": "structured",
    "within_cluster_mean": 0.47443499708075904,
    "within_cluster_std": 0.05733214587566946,
    "between_cluster_mean": 0.4687792578860636,
    "between_cluster_std": 0.06093691104203286,
    "within_n": 53,
    "between_n": 1172,
    "mann_whitney_U": 31679.0,
    "p_value": 0.4027203908791196,
    "cohens_d": 0.09302774145459296,
    "has_illness_scripts": "False"
  },
  "google/gemini-3-pro-preview__baseline": {
    "model": "google/gemini-3-pro-preview",
    "condition": "baseline",
    "within_cluster_mean": 0.48218838414284265,
    "within_cluster_std": 0.0456198377015123,
    "between_cluster_mean": 0.4686632953909755,
    "between_cluster_std": 0.05279048453667098,
    "within_n": 53,
    "between_n": 1172,
    "mann_whitney_U": 35619.0,
    "p_value": 0.03512284381601721,
    "cohens_d": 0.2572650629467862,
    "has_illness_scripts": "True"
  },
  "google/gemini-3-pro-preview__adversarial": {
    "model": "google/gemini-3-pro-preview",
    "condition": "adversarial",
    "within_cluster_mean": 0.49234338701599867,
    "within_cluster_std": 0.05131327810699236,
    "between_cluster_mean": 0.4844087930330419,
    "between_cluster_std": 0.05358164059032874,
    "within_n": 53,
    "between_n": 1172,
    "mann_whitney_U": 33994.0,
    "p_value": 0.12195531184975283,
    "cohens_d": 0.14828287589475406,
    "has_illness_scripts": "False"
  },
  "google/gemini-3-pro-preview__structured": {
    "model": "google/gemini-3-pro-preview",
    "condition": "structured",
    "within_cluster_mean": 0.45671567512127964,
    "within_cluster_std": 0.0551573906418148,
    "between_cluster_mean": 0.45333236506729835,
    "between_cluster_std": 0.054547162378158556,
    "within_n": 53,
    "between_n": 1172,
    "mann_whitney_U": 32522.0,
    "p_value": 0.2806381500094359,
    "cohens_d": 0.06199031086679694,
    "has_illness_scripts": "False"
  },
  "openai/gpt-5.2__structured": {
    "model": "openai/gpt-5.2",
    "condition": "structured",
    "within_cluster_mean": 0.4590807695755008,
    "within_cluster_std": 0.057211872888866304,
    "between_cluster_mean": 0.4651543867959011,
    "between_cluster_std": 0.057329209948096295,
    "within_n": 53,
    "between_n": 1172,
    "mann_whitney_U": 28807.0,
    "p_value": 0.8142719154285786,
    "cohens_d": -0.10592756834767339,
    "has_illness_scripts": "False"
  }
}